DateTime,Symbol,O1_Open,C3_Close,Diff,Diff_%,Direction
2026-07-14 11:20:37,NSE-NIFTY-21Jul26-24200-CE,130.35,130.35,0.0,0.0,PE
2026-07-14 11:21:21,NSE-NIFTY-21Jul26-24200-CE,132.15,131.6,-0.55,-0.4162,PE
2026-07-14 11:22:42,NSE-NIFTY-21Jul26-24200-CE,130.5,132.45,1.95,1.4943,CE
2026-07-14 11:30:05,NSE-NIFTY-21Jul26-24050-PE,147.5,146.0,-1.5,-1.0169,CE
2026-07-14 11:32:04,NSE-NIFTY-21Jul26-24200-CE,134.8,132.7,-2.1,-1.5579,PE
2026-07-14 11:32:45,NSE-NIFTY-21Jul26-24000-PE,126.05,128.4,2.35,1.8643,PE
2026-07-14 11:35:33,NSE-NIFTY-21Jul26-24200-CE,130.8,131.55,0.75,0.5734,CE
2026-07-14 11:36:56,NSE-NIFTY-21Jul26-24000-PE,127.6,132.45,4.85,3.8009,PE
2026-07-14 11:39:43,NSE-NIFTY-21Jul26-24150-CE,149.25,144.35,-4.9,-3.2831,PE
2026-07-14 11:43:05,NSE-NIFTY-21Jul26-24000-PE,135.0,139.45,4.45,3.2963,PE
2026-07-14 11:47:53,NSE-NIFTY-21Jul26-24150-CE,138.4,141.0,2.6,1.8786,CE
2026-07-14 11:50:41,NSE-NIFTY-21Jul26-24150-CE,140.95,144.0,3.05,2.1639,CE
2026-07-14 11:51:43,NSE-NIFTY-21Jul26-24150-CE,143.4,147.5,4.1,2.8591,CE
2026-07-14 11:54:45,NSE-NIFTY-21Jul26-24050-PE,148.65,156.3,7.65,5.1463,PE
2026-07-14 11:58:42,NSE-NIFTY-21Jul26-24150-CE,138.65,135.1,-3.55,-2.5604,PE
2026-07-14 12:00:03,NSE-NIFTY-21Jul26-24000-PE,142.75,142.2,-0.55,-0.3853,CE
2026-07-14 12:00:46,NSE-NIFTY-21Jul26-24000-PE,142.75,138.7,-4.05,-2.8371,CE
2026-07-14 12:01:29,NSE-NIFTY-21Jul26-24150-CE,136.0,138.6,2.6,1.9118,CE
2026-07-14 12:04:50,NSE-NIFTY-21Jul26-24000-PE,137.3,139.3,2.0,1.4567,PE
2026-07-14 12:07:52,NSE-NIFTY-21Jul26-23950-PE,119.8,124.8,5.0,4.1736,PE
2026-07-14 12:08:38,NSE-NIFTY-21Jul26-24000-PE,139.2,145.05,5.85,4.2026,PE
2026-07-14 12:10:06,NSE-NIFTY-21Jul26-23950-PE,126.25,127.0,0.75,0.5941,PE
2026-07-14 12:11:31,NSE-NIFTY-21Jul26-24150-CE,131.75,132.8,1.05,0.797,CE
2026-07-14 12:16:01,NSE-NIFTY-21Jul26-24100-PE,191.0,200.25,9.25,4.8429,PE
2026-07-14 12:17:25,NSE-NIFTY-21Jul26-24100-CE,155.55,150.95,-4.6,-2.9572,PE
2026-07-14 12:18:09,NSE-NIFTY-21Jul26-24100-CE,150.25,151.15,0.9,0.599,CE
2026-07-14 12:18:52,NSE-NIFTY-21Jul26-24100-CE,150.25,150.85,0.6,0.3993,CE
2026-07-14 12:19:36,NSE-NIFTY-21Jul26-24100-CE,150.95,154.7,3.75,2.4843,CE
2026-07-14 12:24:20,NSE-NIFTY-21Jul26-24150-CE,128.3,128.25,-0.05,-0.039,PE
2026-07-14 12:27:06,NSE-NIFTY-21Jul26-23950-PE,133.0,133.65,0.65,0.4887,PE
2026-07-14 12:29:55,NSE-NIFTY-21Jul26-24100-CE,146.7,141.6,-5.1,-3.4765,PE
2026-07-14 12:30:39,NSE-NIFTY-21Jul26-24100-CE,145.95,144.3,-1.65,-1.1305,PE
2026-07-14 12:31:25,NSE-NIFTY-21Jul26-23950-PE,137.35,137.6,0.25,0.182,PE
2026-07-14 12:32:51,NSE-NIFTY-21Jul26-23950-PE,137.5,138.7,1.2,0.8727,PE
2026-07-14 12:33:41,NSE-NIFTY-21Jul26-24100-CE,143.75,144.9,1.15,0.8,CE
2026-07-14 12:35:52,NSE-NIFTY-21Jul26-24100-CE,143.55,148.7,5.15,3.5876,CE
2026-07-14 12:36:39,NSE-NIFTY-21Jul26-23950-PE,137.1,131.4,-5.7,-4.1575,CE
2026-07-14 12:37:24,NSE-NIFTY-21Jul26-24100-CE,146.5,147.1,0.6,0.4096,CE
2026-07-14 12:38:09,NSE-NIFTY-21Jul26-23950-PE,132.7,134.55,1.85,1.3941,PE
2026-07-14 12:43:17,NSE-NIFTY-21Jul26-23850-PE,97.05,97.0,-0.05,-0.0515,CE
2026-07-14 12:43:59,NSE-NIFTY-21Jul26-24100-CE,148.3,148.75,0.45,0.3034,CE
2026-07-14 12:44:41,NSE-NIFTY-21Jul26-24000-PE,152.1,149.25,-2.85,-1.8738,CE
2026-07-14 12:45:22,NSE-NIFTY-21Jul26-24000-PE,150.2,151.8,1.6,1.0652,PE
2026-07-14 12:48:03,NSE-NIFTY-21Jul26-24100-CE,149.15,149.4,0.25,0.1676,CE
2026-07-14 12:49:22,NSE-NIFTY-21Jul26-24000-PE,150.4,151.9,1.5,0.9973,PE
2026-07-14 12:57:07,NSE-NIFTY-21Jul26-24100-CE,149.85,152.9,3.05,2.0354,CE
2026-07-14 13:00:28,NSE-NIFTY-21Jul26-24100-CE,150.85,145.55,-5.3,-3.5134,PE
2026-07-14 13:03:12,NSE-NIFTY-21Jul26-23950-PE,138.1,137.0,-1.1,-0.7965,CE
2026-07-14 13:05:13,NSE-NIFTY-21Jul26-24100-PE,203.95,196.3,-7.65,-3.7509,CE
2026-07-14 13:05:54,NSE-NIFTY-21Jul26-24100-CE,146.3,150.15,3.85,2.6316,CE
2026-07-14 13:06:47,NSE-NIFTY-21Jul26-24100-CE,146.5,150.85,4.35,2.9693,CE
2026-07-14 13:07:31,NSE-NIFTY-21Jul26-24100-CE,148.8,150.3,1.5,1.0081,CE
2026-07-14 13:10:50,NSE-NIFTY-21Jul26-24000-PE,151.35,152.75,1.4,0.925,PE
2026-07-14 13:11:36,NSE-NIFTY-21Jul26-24100-CE,150.15,149.65,-0.5,-0.333,PE
2026-07-14 13:12:18,NSE-NIFTY-21Jul26-24000-PE,150.7,153.5,2.8,1.858,PE
2026-07-14 13:13:15,NSE-NIFTY-21Jul26-24000-PE,153.85,153.35,-0.5,-0.325,CE
2026-07-14 13:15:12,NSE-NIFTY-21Jul26-24000-PE,152.6,155.85,3.25,2.1298,PE
2026-07-14 13:16:30,NSE-NIFTY-21Jul26-24100-CE,148.0,145.6,-2.4,-1.6216,PE
2026-07-14 13:18:31,NSE-NIFTY-21Jul26-24100-CE,144.7,150.4,5.7,3.9392,CE
2026-07-14 13:19:52,NSE-NIFTY-21Jul26-24100-CE,145.3,150.85,5.55,3.8197,CE
2026-07-14 13:20:36,NSE-NIFTY-21Jul26-24100-CE,149.25,152.2,2.95,1.9765,CE
2026-07-14 13:21:31,NSE-NIFTY-21Jul26-24100-CE,149.75,152.5,2.75,1.8364,CE
2026-07-14 13:27:32,NSE-NIFTY-21Jul26-24000-PE,150.75,157.75,7.0,4.6434,PE
2026-07-14 13:28:52,NSE-NIFTY-21Jul26-24100-CE,148.1,148.3,0.2,0.135,CE
2026-07-14 13:48:27,NSE-NIFTY-21Jul26-24100-CE,140.05,139.9,-0.15,-0.1071,PE
2026-07-14 13:49:11,NSE-NIFTY-21Jul26-24100-CE,141.95,140.65,-1.3,-0.9158,PE
2026-07-14 13:49:55,NSE-NIFTY-21Jul26-24100-CE,141.95,140.3,-1.65,-1.1624,PE
2026-07-14 13:53:20,NSE-NIFTY-21Jul26-23950-PE,141.85,143.0,1.15,0.8107,PE
2026-07-14 13:55:31,NSE-NIFTY-21Jul26-24150-CE,119.45,121.4,1.95,1.6325,CE
2026-07-14 14:00:00,NSE-NIFTY-21Jul26-23950-PE,140.55,141.75,1.2,0.8538,PE
2026-07-14 14:03:52,NSE-NIFTY-21Jul26-23950-PE,140.8,145.05,4.25,3.0185,PE
2026-07-14 14:04:35,NSE-NIFTY-21Jul26-24100-CE,139.2,140.75,1.55,1.1135,CE
2026-07-14 14:07:26,NSE-NIFTY-21Jul26-23950-PE,142.0,143.9,1.9,1.338,PE
2026-07-14 14:08:25,NSE-NIFTY-21Jul26-23950-PE,143.95,145.5,1.55,1.0768,PE
2026-07-14 14:09:28,NSE-NIFTY-21Jul26-23950-PE,143.4,147.9,4.5,3.1381,PE
2026-07-14 14:10:53,NSE-NIFTY-21Jul26-24100-CE,139.1,137.25,-1.85,-1.33,PE
2026-07-14 14:12:17,NSE-NIFTY-21Jul26-23950-PE,148.1,145.85,-2.25,-1.5192,CE
2026-07-14 14:13:05,NSE-NIFTY-21Jul26-24100-CE,138.25,139.4,1.15,0.8318,CE
2026-07-14 14:14:09,NSE-NIFTY-21Jul26-23950-PE,144.4,143.85,-0.55,-0.3809,CE
2026-07-14 14:14:53,NSE-NIFTY-21Jul26-23800-PE,92.8,93.0,0.2,0.2155,PE
2026-07-14 14:17:03,NSE-NIFTY-21Jul26-23950-PE,144.0,145.2,1.2,0.8333,PE
2026-07-14 14:18:03,NSE-NIFTY-21Jul26-24100-CE,138.6,137.5,-1.1,-0.7937,PE
2026-07-14 14:19:37,NSE-NIFTY-21Jul26-24000-CE,188.05,185.0,-3.05,-1.6219,PE
2026-07-14 14:20:27,NSE-NIFTY-21Jul26-23950-PE,145.6,147.75,2.15,1.4766,PE
2026-07-14 14:24:31,NSE-NIFTY-21Jul26-24100-CE,137.5,136.2,-1.3,-0.9455,PE
2026-07-14 14:26:46,NSE-NIFTY-21Jul26-23950-PE,148.6,147.3,-1.3,-0.8748,CE
2026-07-14 14:30:09,NSE-NIFTY-21Jul26-24200-CE,93.9,93.1,-0.8,-0.852,PE
2026-07-14 14:30:53,NSE-NIFTY-21Jul26-24050-CE,155.8,153.9,-1.9,-1.2195,PE
2026-07-14 14:32:17,NSE-NIFTY-21Jul26-24050-PE,197.05,196.1,-0.95,-0.4821,CE
2026-07-14 14:33:00,NSE-NIFTY-21Jul26-24050-CE,155.3,155.15,-0.15,-0.0966,PE
2026-07-14 14:35:45,NSE-NIFTY-21Jul26-23850-PE,111.9,106.85,-5.05,-4.513,CE
2026-07-14 14:37:49,NSE-NIFTY-21Jul26-23950-PE,145.95,149.9,3.95,2.7064,PE
2026-07-14 14:40:11,NSE-NIFTY-21Jul26-23950-PE,149.45,148.75,-0.7,-0.4684,CE
2026-07-14 14:41:34,NSE-NIFTY-21Jul26-24100-CE,133.1,134.1,1.0,0.7513,CE
2026-07-14 14:43:39,NSE-NIFTY-21Jul26-23950-PE,147.6,146.95,-0.65,-0.4404,CE
2026-07-14 14:45:04,NSE-NIFTY-21Jul26-23950-PE,145.9,149.35,3.45,2.3646,PE
2026-07-14 14:48:49,NSE-NIFTY-21Jul26-23800-PE,95.65,99.35,3.7,3.8683,PE
2026-07-14 14:49:50,NSE-NIFTY-21Jul26-23950-PE,149.55,155.85,6.3,4.2126,PE
2026-07-14 14:50:32,NSE-NIFTY-21Jul26-23900-PE,135.0,134.7,-0.3,-0.2222,CE
2026-07-14 14:51:13,NSE-NIFTY-21Jul26-23900-PE,133.9,137.1,3.2,2.3898,PE
2026-07-14 14:52:31,NSE-NIFTY-21Jul26-23900-PE,135.4,136.15,0.75,0.5539,PE
2026-07-14 14:53:54,NSE-NIFTY-21Jul26-23900-PE,136.7,136.25,-0.45,-0.3292,CE
2026-07-15 09:45:11,NSE-NIFTY-21Jul26-24200-CE,152.0,156.7,4.7,3.0921,CE
2026-07-15 09:45:54,NSE-NIFTY-21Jul26-24250-CE,127.75,132.95,5.2,4.0705,CE
2026-07-15 09:46:39,NSE-NIFTY-21Jul26-24250-CE,127.35,132.25,4.9,3.8477,CE
2026-07-15 09:48:46,NSE-NIFTY-21Jul26-24150-PE,139.0,140.75,1.75,1.259,PE
2026-07-15 09:50:29,NSE-NIFTY-21Jul26-24300-CE,107.55,106.8,-0.75,-0.6974,PE
2026-07-15 09:51:15,NSE-NIFTY-21Jul26-24250-CE,131.2,130.6,-0.6,-0.4573,PE
2026-07-15 09:51:58,NSE-NIFTY-21Jul26-24250-CE,131.2,132.15,0.95,0.7241,CE
2026-07-15 09:54:01,NSE-NIFTY-21Jul26-24250-CE,132.9,130.15,-2.75,-2.0692,PE
2026-07-15 09:55:25,NSE-NIFTY-21Jul26-24100-PE,120.85,117.45,-3.4,-2.8134,CE
2026-07-15 09:57:30,NSE-NIFTY-21Jul26-24150-PE,139.05,142.1,3.05,2.1935,PE
2026-07-15 09:59:50,NSE-NIFTY-21Jul26-24350-CE,86.1,82.0,-4.1,-4.7619,PE
2026-07-15 10:00:34,NSE-NIFTY-21Jul26-24200-CE,148.75,144.15,-4.6,-3.0924,PE
2026-07-15 10:01:19,NSE-NIFTY-21Jul26-24200-CE,150.8,145.45,-5.35,-3.5477,PE
2026-07-15 10:02:43,NSE-NIFTY-21Jul26-24200-CE,145.35,144.0,-1.35,-0.9288,PE
2026-07-15 10:04:07,NSE-NIFTY-21Jul26-24150-PE,147.4,141.75,-5.65,-3.8331,CE
2026-07-15 10:04:53,NSE-NIFTY-21Jul26-24150-PE,147.4,143.6,-3.8,-2.578,CE
2026-07-15 10:07:38,NSE-NIFTY-21Jul26-24150-PE,143.75,140.6,-3.15,-2.1913,CE
2026-07-15 10:08:23,NSE-NIFTY-21Jul26-24200-CE,146.4,150.5,4.1,2.8005,CE
2026-07-15 10:09:07,NSE-NIFTY-21Jul26-24200-CE,147.0,152.5,5.5,3.7415,CE
2026-07-15 10:09:51,NSE-NIFTY-21Jul26-24200-CE,147.0,150.4,3.4,2.3129,CE
2026-07-15 10:12:48,NSE-NIFTY-21Jul26-24250-PE,188.1,186.9,-1.2,-0.638,CE
2026-07-15 10:13:33,NSE-NIFTY-21Jul26-24200-CE,148.7,150.5,1.8,1.2105,CE
2026-07-15 10:15:20,NSE-NIFTY-21Jul26-24250-CE,126.6,129.55,2.95,2.3302,CE
2026-07-15 10:17:57,NSE-NIFTY-21Jul26-24250-CE,129.15,135.1,5.95,4.607,CE
2026-07-15 10:19:20,NSE-NIFTY-21Jul26-24250-CE,132.0,135.85,3.85,2.9167,CE
2026-07-15 10:20:43,NSE-NIFTY-21Jul26-24250-CE,135.05,133.35,-1.7,-1.2588,PE
2026-07-15 10:21:28,NSE-NIFTY-21Jul26-24250-CE,135.15,131.9,-3.25,-2.4047,PE
2026-07-15 10:23:33,NSE-NIFTY-21Jul26-24150-PE,130.5,129.55,-0.95,-0.728,CE
2026-07-15 10:24:55,NSE-NIFTY-21Jul26-24150-PE,131.95,131.0,-0.95,-0.72,CE
2026-07-15 10:25:40,NSE-NIFTY-21Jul26-24150-PE,130.05,130.85,0.8,0.6151,PE
2026-07-15 10:26:23,NSE-NIFTY-21Jul26-24250-CE,133.7,133.7,0.0,0.0,PE
2026-07-15 10:27:06,NSE-NIFTY-21Jul26-24150-PE,131.1,131.55,0.45,0.3432,PE
2026-07-15 10:29:12,NSE-NIFTY-21Jul26-24150-PE,131.0,132.85,1.85,1.4122,PE
2026-07-15 10:33:38,NSE-NIFTY-21Jul26-24250-CE,130.15,128.0,-2.15,-1.6519,PE
2026-07-15 10:35:04,NSE-NIFTY-21Jul26-24250-CE,128.65,126.6,-2.05,-1.5935,PE
2026-07-15 10:35:48,NSE-NIFTY-21Jul26-24150-PE,133.65,134.95,1.3,0.9727,PE
2026-07-15 10:38:04,NSE-NIFTY-21Jul26-24200-CE,151.6,148.35,-3.25,-2.1438,PE
2026-07-15 10:38:50,NSE-NIFTY-21Jul26-24150-PE,135.0,137.4,2.4,1.7778,PE
2026-07-15 10:41:52,NSE-NIFTY-21Jul26-24150-CE,175.85,179.25,3.4,1.9335,CE
2026-07-15 10:42:52,NSE-NIFTY-21Jul26-24100-PE,116.1,112.25,-3.85,-3.3161,CE
2026-07-15 10:44:17,NSE-NIFTY-21Jul26-24250-CE,126.9,129.3,2.4,1.8913,CE
2026-07-15 10:45:53,NSE-NIFTY-21Jul26-24150-PE,132.2,132.2,0.0,0.0,CE
2026-07-15 10:47:58,NSE-NIFTY-21Jul26-24250-CE,128.8,128.05,-0.75,-0.5823,PE
2026-07-15 10:48:43,NSE-NIFTY-21Jul26-24250-CE,130.15,126.65,-3.5,-2.6892,PE
2026-07-15 10:49:27,NSE-NIFTY-21Jul26-24100-PE,113.0,113.4,0.4,0.354,PE
2026-07-15 10:50:11,NSE-NIFTY-21Jul26-24150-PE,133.25,134.5,1.25,0.9381,PE
2026-07-15 10:52:12,NSE-NIFTY-21Jul26-24150-PE,133.9,139.2,5.3,3.9582,PE
2026-07-15 10:52:57,NSE-NIFTY-21Jul26-24200-CE,152.4,149.55,-2.85,-1.8701,PE
2026-07-15 10:53:40,NSE-NIFTY-21Jul26-24200-CE,150.75,152.5,1.75,1.1609,CE
2026-07-15 10:57:06,NSE-NIFTY-21Jul26-24150-PE,136.0,137.5,1.5,1.1029,PE
2026-07-15 10:58:54,NSE-NIFTY-21Jul26-24200-CE,147.7,144.55,-3.15,-2.1327,PE
2026-07-15 11:01:40,NSE-NIFTY-21Jul26-24200-CE,143.5,145.05,1.55,1.0801,CE
2026-07-15 11:04:05,NSE-NIFTY-21Jul26-24200-CE,144.0,142.35,-1.65,-1.1458,PE
2026-07-15 11:05:31,NSE-NIFTY-21Jul26-24200-CE,143.45,144.25,0.8,0.5577,CE
2026-07-15 11:07:38,NSE-NIFTY-21Jul26-24150-PE,139.8,138.55,-1.25,-0.8941,CE
2026-07-15 11:09:05,NSE-NIFTY-21Jul26-24200-CE,142.4,146.9,4.5,3.1601,CE
2026-07-15 11:10:30,NSE-NIFTY-21Jul26-24200-CE,145.95,149.45,3.5,2.3981,CE
2026-07-15 11:12:27,NSE-NIFTY-21Jul26-24100-PE,115.55,120.55,5.0,4.3271,PE
2026-07-15 11:13:11,NSE-NIFTY-21Jul26-24050-PE,98.15,104.0,5.85,5.9603,PE
2026-07-15 11:13:54,NSE-NIFTY-21Jul26-24250-CE,123.7,112.75,-10.95,-8.8521,PE
2026-07-15 11:15:18,NSE-NIFTY-21Jul26-24150-PE,143.75,147.2,3.45,2.4,PE
